,Airport,Country,icao_code,city,iata_code,airport_lat,airport_lng,iso_country_code,chronotrain_id,train_station_lat,train_station_lng,city_lat,city_lng,place_id,airport_duration,station_duration
1,Graz Airport,Austria,LOWG,Graz,GRZ,46.99107,15.43963,AUT,2778067.0,47.06667,15.45,47.070714,15.439504,ChIJu2UwF4c1bkcRm93f0tGKjv4,19.6,5.583333333333333
2,Innsbruck Airport,Austria,LOWI,Innsbruck,INN,47.26022,11.34396,AUT,2775220.0,47.26266,11.39454,47.2692124,11.4041024,ChIJc8r44c9unUcRDZsdKH0cIJ0,13.4,6.216666666666667
3,Klagenfurt Airport,Austria,LOWK,Klagenfurt,KLU,46.645,14.32667,AUT,2774326.0,46.62472,14.30528,46.6364598,14.3122246,ChIJZX6PMEVzcEcRK41hjN-2fmg,5.616666666666666,4.8
4,Linz Airport,Austria,LOWL,Linz,LNZ,48.23322,14.18751,AUT,2772400.0,48.30639,14.28611,48.30694,14.28583,ChIJTYWZ-pWVc0cRxHV5VywpU3w,24.616666666666667,0.3166666666666666
5,Salzburg Airport,Austria,LOWS,Salzburg,SZG,47.7933,13.00433,AUT,2766824.0,47.79941,13.04399,47.80949,13.05501,ChIJsdQIqd2adkcRPfcqQaGD4cE,17.116666666666667,8.433333333333334
6,Vienna Airport,Austria,LOWW,Vienna,VIE,48.1221,16.55751,AUT,2761369.0,48.20849,16.37208,48.2081664,16.3718643,ChIJn8o2UZ4HbUcRRluiUYrlwv0,24.23333333333333,0.0
9,Antwerp Airport,Belgium,EBAW,Antwerp,ANR,51.18944,4.46028,BEL,2803138.0,51.22047,4.40026,51.2213404,4.4051485,ChIJfYjDv472w0cRuIqogoRErz4,22.683333333333334,4.25
10,Brussels Airport,Belgium,EBBR,Brussels,BRU,50.90139,4.48444,BEL,2800866.0,50.85045,4.34878,50.8476424,4.3571696,ChIJZ2jHc-2kw0cRpwJzeGY6i8E,23.35,14.3
11,Charleroi Airport,Belgium,EBCI,Charleroi,CRL,50.4592,4.45382,BEL,2800481.0,50.41136,4.44448,50.4096349,4.44601,ChIJyTnKlvAlwkcREGRNL6uZAAQ,8.433333333333334,2.6166666666666667
12,Liege Airport,Belgium,EBLG,Liege,LGG,50.63742,5.44322,BEL,2792413.0,50.63373,5.56749,50.6329586,5.5697498,ChIJ-_ysjkv3wEcRQGtNL6uZAAQ,12.316666666666666,1.8333333333333333
13,Ostend Bruges Airport,Belgium,EBOS,Ostend,OST,51.20013,2.87245,BEL,2789786.0,51.21551,2.927,51.2246631,2.9091818,ChIJlaWVGNOo3EcRQpiDCfDblz4,15.016666666666667,4.416666666666667
15,Sofia Airport,Bulgaria,LBSF,Sofia,SOF,42.69519,23.40617,BGR,727011.0,42.69751,23.32415,42.6977082,23.3218675,ChIJ9Xsxy4KGqkARYF6_aRKgAAQ,15.95,7.95
16,Varna Airport,Bulgaria,LBWN,Varna,VAR,43.23207,27.82511,BGR,726050.0,43.21667,27.91667,43.2140504,27.9147333,ChIJodfzqotTpEARfIulcRyUJ1c,14.816666666666666,2.9833333333333334
18,Rijeka Krk Airport,Croatia,LDRI,Rijeka,RJK,45.21689,14.57027,HRV,3191648.0,45.32673,14.44241,45.3270631,14.442176,ChIJLb6qFyWhZEcRcLbLPThvPDc,27.0,0.0
20,Zagreb Airport,Croatia,LDZA,Zagreb,ZAG,45.74056,16.06833,HRV,3186886.0,45.81444,15.97798,45.8150108,15.981919,ChIJOcwCyZLWZUcRisL7KJYkRTo,26.4,2.6333333333333333
21,Brno Airport,Czech Republic,LKTB,Brno,BRQ,49.15127,16.69443,CZE,3078610.0,49.19522,16.60796,49.1950602,16.6068371,ChIJEVE_wDqUEkcRsLEUZg-vAAQ,20.716666666666665,10.183333333333334
22,Prague Airport,Czech Republic,LKPR,Prague,PRG,50.10083,14.26,CZE,3067696.0,50.08804,14.42076,50.0755381,14.4378005,ChIJi3lwCZyTC0cRkEAWZg-vAAQ,31.716666666666665,13.083333333333334
23,Aalborg Airport,Denmark,EKYT,Aalborg,AAL,57.09279,9.84916,DNK,2624886.0,57.048,9.9187,57.0488195,9.921747,ChIJDT3fX7IzSUYRwybsLmq0sU4,15.733333333333333,4.783333333333333
24,Aarhus Airport,Denmark,EKAH,Aarhus,AAR,56.3023,10.62627,DNK,2624652.0,56.15674,10.21076,56.162939,10.203921,ChIJi3iXU7FMTEYRr6IukdnXTYw,36.81666666666667,6.9
25,Copenhagen Airport,Denmark,EKCH,Copenhagen,CPH,55.61792,12.65597,DNK,2618425.0,55.67594,12.56553,55.6760968,12.5683371,ChIJIz2AXDxTUkYRuGeU5t1-3QQ,26.666666666666668,3.783333333333333
26,Helsinki Airport,Finland,EFHK,Helsinki,HEL,60.31722,24.96333,FIN,658225.0,60.16952,24.93545,60.1698557,24.938379,ChIJkQYhlscLkkYRY_fiO4S9Ts0,29.0,0.7833333333333333
27,Oulu Airport,Finland,EFOU,Oulu,OUL,64.93006,25.35456,FIN,643492.0,65.01236,25.46816,65.0120888,25.4650773,ChIJwYUhwKgygEYRfekSKzItsIs,29.3,2.1333333333333333
28,Rovaniemi Airport,Finland,EFRO,Rovaniemi,RVN,66.56482,25.83041,FIN,638936.0,66.5,25.71667,66.5039478,25.7293905,ChIJUyV3dr1LK0QRxEGItK2IgBU,7.866666666666666,3.466666666666667
29,Tampere Airport,Finland,EFTP,Tampere,TMP,61.41415,23.60439,FIN,634963.0,61.49911,23.78712,61.4977524,23.7609535,ChIJXdqTRVXfjkYRwCILHr3j32o,24.3,9.516666666666667
30,Turku Airport,Finland,EFTU,Turku,TKU,60.51414,22.26281,FIN,633679.0,60.45148,22.26869,60.4518126,22.2666303,ChIJu9uOgYR1jEYRAMJLVVG1AAQ,17.083333333333332,3.8333333333333335
31,Vaasa Airport,Finland,EFVA,Vaasa,VAA,63.05065,21.76217,FIN,632978.0,63.096,21.61577,63.095089,21.6164564,ChIJQ7I6Yj5gfUYRDoCqYap_HR4,16.616666666666667,4.516666666666667
33,Bergerac Airport,France,LFBE,Bergerac,EGC,44.82528,0.51861,FRA,8702816.0,44.857386,0.488744,44.853806,0.483392,ChIJX_VIYHzQqhIRISJV_K10NNI,9.4,2.783333333333333
34,Biarritz Airport,France,LFBZ,Biarritz,BIQ,43.46842,-1.52333,FRA,8700114.0,43.459186,-1.546073,43.4831519,-1.558626,ChIJMx7zCisVUQ0RMKgTSBdlBgQ,10.25,9.483333333333333
35,Bordeaux Airport,France,LFBD,Bordeaux,BOD,44.82834,-0.71556,FRA,3031582.0,44.84044,-0.5805,44.837789,-0.57918,ChIJgcpR9-gnVQ0RiXo5ewOGY3k,28.383333333333333,3.933333333333333
36,Brest Bretagne Airport,France,LFRB,Brest,BES,48.44791,-4.41854,FRA,3030300.0,48.39029,-4.48628,48.3907119,-4.4869723,ChIJk1uS2eG7FkgRqzCcF1iDSMY,15.283333333333331,0.3
38,Lyon-Saint Exupéry Airport,France,LFLL,Lyon-St,LYS,45.72639,5.09083,FRA,8702384.0,45.720908,5.075822,45.76,4.84,ChIJURT_WMuAhYARD5c7NqPrekA,28.516666666666666,31.0
39,Marseille Airport,France,LFML,Marseille,MRS,43.43556,5.21361,FRA,2995469.0,43.29695,5.38107,43.296482,5.36978,ChIJM1PaREO_yRIRIAKX_aUZCAQ,26.683333333333334,9.983333333333333
40,Montpellier Airport,France,LFMT,Montpellier,MPL,43.57762,3.9586,FRA,2992166.0,43.61093,3.87635,43.610769,3.876716,ChIJsZ3dJQevthIRAuiUKHRWh60,23.73333333333333,0.4833333333333333
41,Nantes Airport,France,LFRS,Nantes,NTE,47.15319,-1.61072,FRA,2990969.0,47.21725,-1.55336,47.218371,-1.553621,ChIJra6o8IHuBUgRMO0NHlI3DQQ,23.28333333333333,1.45
42,Nice Airport,France,LFMN,Nice,NCE,43.66272,7.20787,FRA,2990440.0,43.70313,7.26608,43.7101728,7.2619532,ChIJMS2FahDQzRIRcJqX_aUZCAQ,16.55,6.65
43,Paris Beauvais Airport,France,LFOB,Paris,BVA,49.45444,2.11278,FRA,2988507.0,48.85341,2.3488,48.856614,2.3522219,ChIJD7fiBh9u5kcRYJSMaMOCCwQ,85.26666666666667,4.033333333333333
44,Paris Charles de Gaulle Airport,France,LFPG,Paris,CDG,49.01278,2.55,FRA,2988507.0,48.85341,2.3488,48.856614,2.3522219,ChIJD7fiBh9u5kcRYJSMaMOCCwQ,38.25,4.033333333333333
45,Paris Orly Airport,France,LFPO,Paris,ORY,48.72528,2.35944,FRA,2988507.0,48.85341,2.3488,48.856614,2.3522219,ChIJD7fiBh9u5kcRYJSMaMOCCwQ,27.15,4.033333333333333
46,Rennes Bretagne Airport,France,LFRN,Rennes,RNS,48.06951,-1.73479,FRA,2983990.0,48.11198,-1.67429,48.117266,-1.6777926,ChIJhZDWpy_eDkgRMKvkNs2lDAQ,21.316666666666663,5.716666666666667
47,Strasbourg Airport,France,LFST,Strasbourg,SXB,48.53832,7.62823,FRA,2973783.0,48.58392,7.74553,48.5734053,7.7521113,ChIJwbIYXknIlkcRHyTnGDFIGpc,23.416666666666668,13.566666666666666
48,Toulouse Blagnac Airport,France,LFBO,Toulouse,TLS,43.62908,1.36382,FRA,2972315.0,43.60426,1.44367,43.604652,1.444209,ChIJ_1J17G-7rhIRMBBBL5z2BgQ,21.683333333333334,3.2333333333333334
49,Allgäu Airport Memmingen,Germany,EDJA,Memmingen,FMM,47.98751,10.23622,DEU,8000249.0,47.985848,10.186954,47.9837999,10.1801883,ChIJP_ogz1fym0cR2CeWXchIgM8,13.016666666666667,3.6666666666666665
50,Berlin Brandenburg Airport,Germany,EDDB,Berlin Brandenburg,BER,52.36213,13.50168,DEU,8089044.0,52.516465,13.381693,52.4938053,13.4552919,ChIJt3mAQDdOqEcRcSlyLe0qgtg,24.53333333333333,20.816666666666663
51,Bremen Airport,Germany,EDDW,Bremen,BRE,53.0475,8.78667,DEU,2944388.0,53.07582,8.80717,53.0792962,8.8016937,ChIJNePuDBAosUcRUd83-VyI6MI,11.716666666666669,6.816666666666666
52,Cologne Bonn Airport,Germany,EDDK,Cologne,CGN,50.87894,7.12292,DEU,2886242.0,50.93333,6.95,50.937531,6.9602786,ChIJ5S-raZElv0cR8HcqSvxgJwQ,23.866666666666667,4.516666666666667
53,Dortmund Airport,Germany,EDLW,Dortmund,DTM,51.51831,7.61224,DEU,2935517.0,51.51494,7.466,51.5135872,7.4652981,ChIJEXrwv2AXuUcRUIdUMYHyJwQ,21.883333333333333,9.066666666666666
54,Dresden Airport,Germany,EDDC,Dresden,DRS,51.13277,13.76716,DEU,2935022.0,51.05089,13.73832,51.0504088,13.7372621,ChIJqdYaECnPCUcRsP6IQsuxIQQ,21.55,1.35
55,Düsseldorf Airport,Germany,EDDL,Düsseldorf,DUS,51.28066,6.76715,DEU,2934246.0,51.22172,6.77616,51.2277411,6.7734556,ChIJB1lG8XvJuEcRsHMqSvxgJwQ,13.516666666666667,7.483333333333333
56,Frankfurt Airport,Germany,EDDF,Frankfurt,FRA,50.0406,8.55603,DEU,2925533.0,50.11552,8.68417,50.1109221,8.6821267,ChIJxZZwR28JvUcRAMawKVBDIgQ,21.28333333333333,8.983333333333333
57,Friedrichshafen Airport,Germany,EDNY,Friedrichshafen,FDH,47.66667,9.5,DEU,8002120.0,47.672268,9.523837,47.6567329,9.4649538,ChIJ080TOl4Am0cRIITfpbdrHwQ,7.666666666666667,8.916666666666666
58,Hamburg Airport,Germany,EDDH,Hamburg,HAM,53.63039,9.98823,DEU,2911298.0,53.55073,9.99302,53.5488282,9.9871703,ChIJuRMYfoNhsUcRoDrWe_I9JgQ,30.08333333333333,11.2
59,Hanover Airport,Germany,EDDV,Hanover,HAJ,52.45957,9.69269,DEU,2910831.0,52.37052,9.73322,52.3758916,9.7320104,ChIJhU9JTVELsEcRIEeslG2sJQQ,23.133333333333333,7.25
60,Karlsruhe Baden-Baden Airport,Germany,EDSB,Karlsruhe,FKB,48.77935,8.0805,DEU,2892794.0,49.00937,8.40444,49.0068901,8.4036527,ChIJCXjgokgGl0cRf-63THNV_LY,37.03333333333333,1.3666666666666667
61,Leipzig Halle Airport,Germany,EDDP,Leipzig,LEJ,51.42126,12.22195,DEU,2879139.0,51.33962,12.37129,51.3396955,12.3730747,ChIJcywPIBj4pkcRUvW0udKA35M,24.75,2.283333333333333
62,Munich Airport,Germany,EDDM,Munich,MUC,48.35378,11.78609,DEU,2867714.0,48.13743,11.57549,48.1351253,11.5819806,ChIJ2V-Mo_l1nkcRfZixfUq4DAE,32.31666666666667,4.95
63,Nuremberg Airport,Germany,EDDN,Nuremberg,NUE,49.49575,11.07576,DEU,2861650.0,49.45421,11.07752,49.4521018,11.0766654,ChIJ0xy2ta5Xn0cRtyGMqYWvXd0,19.1,12.283333333333331
64,Paderborn Lippstadt Airport,Germany,EDLP,Paderborn,PAD,51.6081,8.61139,DEU,8000297.0,51.712946,8.740949,51.7189205,8.7575093,ChIJ2x1hYZZMukcR7iLvWCqHzHM,26.5,10.45
65,Stuttgart Airport,Germany,EDDS,Stuttgart,STR,48.69034,9.19521,DEU,2825297.0,48.78232,9.17702,48.7758459,9.1829321,ChIJ04-twTTbmUcR5M-RdxzB1Xk,18.6,6.1
66,Weeze Airport,Germany,EDLV,Weeze,NRN,51.6025,6.14222,DEU,8006240.0,51.62434,6.197865,51.6266679,6.1968442,ChIJ3cCvczlvx0cRQHVUMYHyJwQ,12.116666666666667,3.4166666666666665
67,Athens Airport,Greece,LGAV,Athens,ATH,37.93636,23.94447,GRC,264371.0,37.98376,23.72784,37.9838096,23.7275388,ChIJ8UNwBh-9oRQR3Y1mdkU1Nic,36.5,0.1
69,Thessaloniki Airport,Greece,LGTS,Thessaloniki,SKG,40.51973,22.97095,GRC,734077.0,40.64361,22.93086,40.6400629,22.9444191,ChIJ7eAoFPQ4qBQRqXTVuBXnugk,23.716666666666665,6.3
70,Budapest Airport,Hungary,LHBP,Budapest,BUD,47.43693,19.25559,HUN,3054643.0,47.49835,19.04045,47.497912,19.040235,ChIJyc_U0TTDQUcRYBEeDCnEAAQ,31.666666666666668,0.0
71,Debrecen Airport,Hungary,LHDC,Debrecen,DEB,47.48892,21.61533,HUN,721472.0,47.53167,21.62444,47.5288879,21.6254485,ChIJgyte_ioMR0cRcBEeDCnEAAQ,10.166666666666666,6.25
72,Cork Airport,Ireland,EICK,Cork,ORK,51.84127,-8.49111,IRL,2965140.0,51.89797,-8.47061,51.8985143,-8.4756035,ChIJYbm-kQiQREgR0MUxl6nHAAo,14.95,4.55
73,Dublin Airport,Ireland,EIDW,Dublin,DUB,53.42133,-6.27008,IRL,2964574.0,53.33306,-6.24889,53.3498053,-6.2603097,ChIJL6wn6oAOZ0gRoHExl6nHAAo,25.016666666666666,21.23333333333333
74,Ancona Airport,Italy,LIPY,Ancona,AOI,43.61634,13.36232,ITA,8336329.0,43.610142,13.455611,43.6158299,13.518915,ChIJw6lHJCqALRMRrMU_VIBWrQ8,24.766666666666666,10.55
76,Bergamo Airport,Italy,LIME,Bergamo,BGY,45.67389,9.70417,ITA,3182164.0,45.69601,9.66721,45.6982642,9.6772698,ChIJc65ivBFRgUcR0aTlC4_LL9M,14.383333333333333,3.7666666666666666
77,Bologna Airport,Italy,LIPE,Bologna,BLQ,44.53544,11.28867,ITA,3181928.0,44.49381,11.33875,44.494887,11.3426163,ChIJC8RR6ZjUf0cRQZSkWwF84aI,25.866666666666667,8.15
78,Brindisi Airport,Italy,LIBR,Brindisi,BDS,40.65763,17.94703,ITA,8311139.0,40.625409,17.90947,40.6327278,17.9417616,ChIJbeyAyTt6RhMR-doDzPfOEAE,13.2,10.166666666666666
79,Catania Fontanarossa Airport,Italy,LICC,Catania,CTA,37.46678,15.0664,ITA,2525068.0,37.49223,15.07041,37.5078772,15.0830304,ChIJtSUVdt3iExMR8DzIUWGH_lg,16.866666666666667,10.366666666666667
80,Comiso Airport,Italy,LICB,Comiso,CIY,36.9959,14.6092,ITA,8302524.0,36.947283,14.60054,36.9361931,14.577181,ChIJi41fta6jERMRCMkv-XqkLus,18.316666666666663,7.15
81,Florence Airport,Italy,LIRQ,Florence,FLR,43.80995,11.2051,ITA,3176959.0,43.77925,11.24626,43.7695604,11.2558136,ChIJrdbSgKZWKhMRAyrH7xd51ZM,30.516666666666666,19.183333333333334
82,Genoa Airport,Italy,LIMJ,Genoa,GOA,44.41493,8.85041,ITA,3176219.0,44.40478,8.94439,44.4056499,8.946256,ChIJrZrU3FJB0xIRCmKBGPGEaiM,19.516666666666666,3.816666666666667
83,Lamezia Terme Airport,Italy,LICA,Lamezia Terme,SUF,38.90539,16.24227,ITA,8300328.0,38.921162,16.256021,38.962912,16.3092719,ChIJYR5DxA_lPxMRIvzqOYvZh8g,14.633333333333333,11.866666666666667
84,Milan Linate Airport,Italy,LIML,Milan,LIN,45.46081,9.27952,ITA,3173435.0,45.46427,9.18951,45.4642035,9.189982,ChIJ53USP0nBhkcRjQ50xhPN_zw,24.916666666666668,0.0
85,Milan Malpensa Airport,Italy,LIMC,Milan,MXP,45.62754,8.71508,ITA,3173435.0,45.46427,9.18951,45.4642035,9.189982,ChIJ53USP0nBhkcRjQ50xhPN_zw,55.85,0.0
86,Naples Airport,Italy,LIRN,Naples,NAP,40.88603,14.29078,ITA,3172394.0,40.85216,14.26811,40.8517983,14.26812,ChIJmX5sak8IOxMRHRl4O8Es9T0,15.533333333333331,0.2
88,Palermo Airport,Italy,LICJ,Palermo,PMO,38.17596,13.09102,ITA,2523920.0,38.1166,13.3636,38.11569,13.3614868,ChIJmdBOgcnoGRMRgNg7IywECwo,40.46666666666667,1.5166666666666666
89,Perugia Airport,Italy,LIRZ,Perugia,PEG,43.09591,12.51322,ITA,3171180.0,43.1122,12.38878,43.1107168,12.3908279,ChIJT8NR6oygLhMR9MdPiCrrOc4,21.633333333333333,8.416666666666666
90,Pescara Airport,Italy,LIBP,Pescara,PSR,42.43286,14.18678,ITA,3171168.0,42.4584,14.20283,42.4617902,14.2160898,ChIJd2QouQ2mMRMR4r8ssomeuKA,7.133333333333334,3.5166666666666666
91,Pisa Airport,Italy,LIRP,Pisa,PSA,43.68392,10.39275,ITA,3170647.0,43.70853,10.4036,43.7228386,10.4016888,ChIJj1n28JqR1RIRyHiEp7UPuKo,11.366666666666667,11.583333333333334
92,Rome Ciampino Airport,Italy,LIRA,Rome,CIA,41.79936,12.59494,ITA,3169070.0,41.89193,12.51133,41.9027835,12.4963655,ChIJu46S-ZZhLxMROG5lkwZ3D7k,37.833333333333336,9.15
93,Rome Fiumicino Airport,Italy,LIRF,Rome,FCO,41.79352,12.25259,ITA,3169070.0,41.89193,12.51133,41.9027835,12.4963655,ChIJu46S-ZZhLxMROG5lkwZ3D7k,42.05,9.15
94,Trapani Airport,Italy,LICT,Trapani,TPS,37.9114,12.48796,ITA,8300340.0,38.017278,12.519304,38.0173505,12.5365171,ChIJX5Ck1i9iGRMRgjSY-bze8Ys,26.78333333333333,5.716666666666667
95,Treviso Airport,Italy,LIPH,Treviso,TSF,45.6484,12.19442,ITA,8300130.0,45.6597,12.245133,45.6668893,12.2430437,ChIJUd4MwdM3eUcRjXQiXACb9kI,12.55,5.1
96,Trieste Airport,Italy,LIPQ,Trieste,TRS,45.82279,13.48464,ITA,3165185.0,45.64953,13.77678,45.6495264,13.7768182,ChIJM_Xt5AZre0cRUCvd1IQkamY,38.31666666666667,0.0
97,Turin Airport,Italy,LIMF,Turin,TRN,45.20076,7.64963,ITA,3165524.0,45.07049,7.68682,45.0703393,7.686864,ChIJ31ztwwxtiEcR4JQ8R33mBQQ,25.966666666666665,0.1333333333333333
98,Verona Airport,Italy,LIPX,Verona,VRN,45.39571,10.88853,ITA,3164527.0,45.4299,10.98444,45.4383842,10.9916215,ChIJ4-CbaWhff0cRW1mCaGNa-FM,19.95,9.033333333333331
100,Kaunas Airport,Lithuania,EYKA,Kaunas,KUN,54.96392,24.08478,LTU,598316.0,54.90272,23.90961,54.8985207,23.9035965,ChIJQ9NnsXAi50YRvIs3x-DRS2E,22.116666666666667,2.4
101,Vilnius Airport,Lithuania,EYVI,Vilnius,VNO,54.63413,25.28577,LTU,593116.0,54.68916,25.2798,54.6871555,25.2796514,ChIJ9QhkXPuT3UYRQNzpcIzRAAQ,18.98333333333333,1.1
102,Luxembourg Airport,Luxembourg,ELLX,Luxembourg,LUX,49.62658,6.21152,LUX,2960316.0,49.61167,6.13,49.815273,6.129583,ChIJRyEhyrlFlUcR75LTAvZg22Q,31.35,31.23333333333333
103,Chisinau Airport,Moldova,LUKK,Chisinau,KIV,46.92778,28.93083,MDA,618426.0,47.00556,28.8575,47.0104529,28.8638103,ChIJoWm3KDZ8yUARPN1JVzDW0Tc,16.85,5.033333333333333
104,Podgorica Airport,Montenegro,LYPG,Podgorica,TGD,42.35939,19.25189,MNE,3193044.0,42.44111,19.26361,42.4304196,19.2593642,ChIJfYYGlgfoTRMR6YpY6naK92s,28.766666666666666,6.266666666666667
105,Amsterdam Airport Schiphol,Netherlands,EHAM,Amsterdam,AMS,52.3103,4.76028,NLD,2759794.0,52.37403,4.88969,52.3675734,4.9041389,ChIJVXealLU_xkcRja_At0z9AGY,26.633333333333333,14.85
106,Eindhoven Airport,Netherlands,EHEH,Eindhoven,EIN,51.45014,5.37453,NLD,2756253.0,51.44083,5.47778,51.4231423,5.4622897,ChIJn8N5VRvZxkcRmLlkgWTSmvM,19.4,12.316666666666666
107,Groningen Airport Eelde,Netherlands,EHGG,Groningen,GRQ,53.11972,6.57944,NLD,2755251.0,53.21917,6.56667,53.2193835,6.5665018,ChIJp8xitIYyyEcR3Mim-YZQS8s,22.183333333333334,1.05
108,Maastricht Aachen Airport,Netherlands,EHBK,Maastricht,MST,50.91166,5.77014,NLD,2751283.0,50.84833,5.68889,50.8513682,5.6909725,ChIJnwZBWOzpwEcRbqi-zHuV61M,16.7,8.9
109,Rotterdam The Hague Airport,Netherlands,EHRD,Rotterdam,RTM,51.95548,4.43685,NLD,2747891.0,51.9225,4.47917,51.9244201,4.4777325,ChIJfcRUX2C3xUcRhUtelay7KVI,12.116666666666667,1.45
110,Skopje Airport,North Macedonia,LWSK,Skopje,SKP,41.96162,21.62138,MKD,785842.0,41.99646,21.43141,41.9981294,21.4254355,ChIJpaKajKUVVBMRICCHYMKI7bI,25.383333333333333,2.216666666666667
111,Bergen Airport,Norway,ENBR,Bergen,BGO,60.29339,5.21814,NOR,3161732.0,60.39299,5.32415,60.3912628,5.3220544,ChIJd312ZkkNOUYRCAretD6gQp4,25.15,5.783333333333333
112,Bodø Airport,Norway,ENBO,Bodø,BOO,67.26917,14.36528,NOR,3160881.0,67.28,14.40501,67.2803556,14.404916,ChIJffFjW_UQ30URUzxdspNbeI4,4.166666666666667,0.05
113,Kristiansand Airport,Norway,ENCN,Kristiansand,KRS,58.20421,8.08537,NOR,3149318.0,58.14671,7.9956,58.1599119,8.0182064,ChIJW3pg1VgCOEYRpFgcyG8NDN8,15.683333333333334,8.316666666666666
114,Oslo Airport,Norway,ENGM,Oslo,OSL,60.19392,11.10036,NOR,3143244.0,59.91273,10.74609,59.9138688,10.7522454,ChIJOfBn8mFuQUYRmh4j019gkn4,40.833333333333336,7.55
115,Sandefjord Airport Torp,Norway,ENTO,Sandefjord,TRF,59.1867,10.25863,NOR,3140390.0,59.13118,10.21665,59.1313095,10.2165948,ChIJK4A6VZDARkYRouE8XKJRW8M,21.23333333333333,0.0333333333333333
116,Stavanger Airport,Norway,ENZV,Stavanger,SVG,58.87678,5.63786,NOR,3137115.0,58.97005,5.73332,58.9699756,5.7331073,ChIJlfcp3Uk1OkYRWZIKuCHreq0,15.983333333333333,0.0666666666666666
117,Trondheim Airport,Norway,ENVA,Trondheim,TRD,63.45756,10.92425,NOR,3133880.0,63.43049,10.39506,63.4305149,10.3950528,ChIJU34DR5cxbUYR1PM8jyjI9ws,32.71666666666667,0.0
118,Gdansk Airport,Poland,EPGD,Gdansk,GDN,54.37808,18.46823,POL,3099434.0,54.35227,18.64912,54.3520252,18.6466384,ChIJb_rUFBxz_UYRjb63Y_H7uZs,18.7,1.9333333333333331
119,Katowice Airport,Poland,EPKT,Katowice,KTW,50.47425,19.08002,POL,3096472.0,50.25841,19.02754,50.2648919,19.0237815,ChIJ0cyhNiPOFkcRu_pZBTUqr7k,35.516666666666666,9.716666666666669
120,Kraków Airport,Poland,EPKK,Kraków,KRK,50.07617,19.79157,POL,3094802.0,50.06143,19.93658,50.0646501,19.9449799,ChIJ0RhONcBEFkcRv4pHdrW2a7Q,29.183333333333334,4.883333333333334
121,Poznan Airport,Poland,EPPO,Poznan,POZ,52.42103,16.82633,POL,3088171.0,52.40692,16.92993,52.406374,16.9251681,ChIJtwrh7NJEBEcR0b80A5gx6qQ,20.3,3.533333333333333
122,Szczecin-Goleniów Airport,Poland,EPSC,Szczecin-Goleniów,SZZ,53.58473,14.90221,POL,5104689.0,53.593616,14.896294,53.56382,14.82843,ChIJPw66ONCeAEcR5BQZhvsniao,13.316666666666666,8.6
123,Warsaw Airport,Poland,EPWA,Warsaw,WAW,52.16575,20.96712,POL,756135.0,52.22977,21.01178,52.2296756,21.0122287,ChIJAZ-GmmbMHkcR_NPqiCq-8HI,23.05,1.5666666666666669
124,Warsaw Modlin Airport,Poland,EPMO,Warsaw,WMI,52.45117,20.65271,POL,756135.0,52.22977,21.01178,52.2296756,21.0122287,ChIJAZ-GmmbMHkcR_NPqiCq-8HI,47.833333333333336,1.5666666666666669
125,Wroclaw Airport,Poland,EPWR,Wroclaw,WRO,51.10268,16.88584,POL,3081368.0,51.1,17.03333,51.1078852,17.0385376,ChIJv4q11MLpD0cR9eAFwq5WCbc,24.28333333333333,4.1
126,Faro Airport,Portugal,LPFR,Faro,FAO,37.01443,-7.96591,PRT,2268339.0,37.01869,-7.92716,37.0193548,-7.9304397,ChIJp_qQIudSBQ0RWv9KSdTCc40,19.916666666666668,3.966666666666667
127,Lisbon Airport,Portugal,LPPT,Lisbon,LIS,38.78131,-9.13592,PRT,2267057.0,38.71667,-9.13333,38.7222524,-9.1393366,ChIJO_PkYRozGQ0R0DaQ5L3rAAQ,16.95,7.5
128,Porto Airport,Portugal,LPPR,Porto,OPO,41.24806,-8.68139,PRT,2735943.0,41.14961,-8.61099,41.1579438,-8.6291053,ChIJwVPhxKtlJA0RvBSxQFbZSKY,20.5,7.116666666666666
129,Bucharest Henri Coanda Airport,Romania,LROP,Bucharest,OTP,44.57216,26.10218,ROU,683506.0,44.43225,26.10626,44.4267674,26.1025384,ChIJT608vzr5sUARKKacfOMyBqw,45.45,6.6
130,Cluj-Napoca Airport,Romania,LRCL,Cluj-Napoca,CLJ,46.78517,23.68617,ROU,681290.0,46.76667,23.6,46.7712101,23.6236353,ChIJiwtskR8MSUcRixQfMxxgvAs,12.883333333333333,7.3
131,Iasi Airport,Romania,LRIA,Iasi,IAS,47.17849,27.62063,ROU,675810.0,47.16667,27.6,47.1584549,27.6014418,ChIJu9059nz7ykARPPUmVNqAy3w,10.416666666666666,3.2
132,Sibiu Airport,Romania,LRSB,Sibiu,SBZ,45.7856,24.09134,ROU,667268.0,45.8,24.15,45.8034789,24.1449997,ChIJ1Rws_YhnTEcRtJAzTiGd3jo,13.2,4.566666666666666
133,Timisoara Airport,Romania,LRTR,Timisoara,TSR,45.80986,21.33786,ROU,665087.0,45.75372,21.22571,45.7488716,21.2086793,ChIJp7UPy31nRUcRSWeTc2Svf1M,31.433333333333334,4.65
134,Belgrade Nikola Tesla Airport,Serbia,LYBE,Belgrade,BEG,44.81844,20.30914,SRB,792680.0,44.80401,20.46513,44.8125449,20.46123,ChIJvT-116N6WkcR5H4X8lxkuB0,25.15,3.2333333333333334
136,Bratislava Airport,Slovakia,LZIB,Bratislava,BTS,48.17017,17.21267,SVK,3060972.0,48.14816,17.10674,48.1485965,17.1077477,ChIJl2HKCjaJbEcRaEOI_YKbH2M,25.633333333333333,2.7333333333333334
137,Košice Airport,Slovakia,LZKZ,Košice,KSC,48.66306,21.24111,SVK,724443.0,48.71395,21.25808,48.7163857,21.2610746,ChIJe5XGZxvgPkcR0IuXxtH3AAQ,16.566666666666666,3.966666666666667
138,Ljubljana Airport,Slovenia,LJLJ,Ljubljana,LJU,46.22369,14.45761,SVN,3196359.0,46.05108,14.50513,46.0569465,14.5057515,ChIJ0YaYlvUxZUcRIOw_ghz4AAQ,23.866666666666667,5.416666666666667
139,Alicante Airport,Spain,LEAL,Alicante,ALC,38.28217,-0.55816,ESP,2521978.0,38.34517,-0.48149,38.3459963,-0.4906855,ChIJS6udO9o1Yg0R44ELrHKofR0,20.383333333333333,6.4
140,Almeria Airport,Spain,LEAM,Almeria,LEI,36.84394,-2.3701,ESP,2521886.0,36.83814,-2.45974,36.834047,-2.4637136,ChIJwfLM7ACeeg0RXki8jh-gnY0,15.066666666666666,2.8
141,Asturias Airport,Spain,LEAS,Asturias,OVD,43.56357,-6.03462,ESP,7115401.0,43.535289,-5.697732,43.3613953,-5.8593267,ChIJnbCeYPqMNg0ROp7GfSvztfg,41.53333333333333,26.58333333333333
142,Barcelona Airport,Spain,LEBL,Barcelona,BCN,41.29708,2.07846,ESP,3128760.0,41.38879,2.15899,41.3873974,2.168568,ChIJ5TCOcRaYpBIRCmZHTz37sEQ,21.7,4.133333333333334
143,Bilbao Airport,Spain,LEBB,Bilbao,BIO,43.3011,-2.91061,ESP,3128026.0,43.26271,-2.92528,43.2630126,-2.9349852,ChIJuYlLZidOTg0RRaaVHsSsNGU,10.283333333333331,5.466666666666667
144,Girona Airport,Spain,LEGE,Girona,GRO,41.90097,2.76055,ESP,7100077.0,41.979517,2.816482,41.9794005,2.8214264,ChIJq_3ImCfnuhIRb2oppbZFOK8,23.28333333333333,10.75
145,Jerez Airport,Spain,LEJR,Jerez,XRY,36.74462,-6.06011,ESP,2516326.0,36.68645,-6.13606,36.6850064,-6.1260744,ChIJn6NESOjGDQ0R6v_Q8_U-rG0,24.25,6.166666666666667
147,Madrid Barajas Airport,Spain,LEMD,Madrid,MAD,40.49181,-3.56948,ESP,3117735.0,40.4165,-3.70256,40.4167754,-3.7037902,ChIJgTwKgJcpQg0RaSKMYcHeNsQ,30.266666666666666,7.966666666666667
148,Malaga Airport,Spain,LEMG,Malaga,AGP,36.6749,-4.49911,ESP,2514256.0,36.72016,-4.42034,36.721261,-4.4212655,ChIJLSHbT8RZcg0RzzLKyZLcJWA,22.016666666666666,0.85
150,Santiago de Compostela Airport,Spain,LEST,Santiago de Compostela,SCQ,42.89766,-8.41793,ESP,7100028.0,42.870518,-8.544687,42.8768606,-8.5441729,ChIJp3Hd4kT-Lg0REeOHwIhoFOA,14.35,6.133333333333334
151,Seville Airport,Spain,LEZL,Seville,SVQ,37.418,-5.89311,ESP,2510911.0,37.38283,-5.97317,37.3890924,-5.9844589,ChIJkWK-FBFsEg0RSFb-HGIY8DQ,19.78333333333333,6.616666666666666
152,Valencia Airport,Spain,LEVC,Valencia,VLC,39.48931,-0.48163,ESP,2509954.0,39.46975,-0.37739,39.4699075,-0.3762881,ChIJb7Dv8ExPYA0ROR1_HwFRo7Q,23.933333333333334,6.866666666666666
153,Zaragoza Airport,Spain,LEZG,Zaragoza,ZAZ,41.66624,-1.04155,ESP,3104324.0,41.65606,-0.87734,41.6488226,-0.8890853,ChIJkY5hXt0UWQ0RqImEFfET30k,28.116666666666667,9.016666666666667
154,Gothenburg Landvetter Airport,Sweden,ESGG,Gothenburg,GOT,57.66818,12.29083,SWE,2711537.0,57.70716,11.96679,57.70887,11.97456,ChIJPwdslmeOT0YRQHwOKXiQAQQ,27.116666666666667,11.3
155,Malmö Airport,Sweden,ESMS,Malmö,MMX,55.54205,13.372,SWE,2692969.0,55.60587,13.00073,55.604981,13.003822,ChIJ_5HEdKUFU0YR5YhIvd8FqdM,32.2,5.1
156,Stockholm Arlanda Airport,Sweden,ESSA,Stockholm,ARN,59.652,17.93132,SWE,2673730.0,59.32938,18.06871,59.3293235,18.0685808,ChIJywtkGTF2X0YRZnedZ9MnDag,35.083333333333336,0.05
157,Stockholm Bromma Airport,Sweden,ESSB,Stockholm,BMA,59.35538,17.94561,SWE,2673730.0,59.32938,18.06871,59.3293235,18.0685808,ChIJywtkGTF2X0YRZnedZ9MnDag,18.2,0.05
158,Stockholm Skavsta Airport,Sweden,ESKN,Stockholm,NYO,58.78864,16.91219,SWE,2673730.0,59.32938,18.06871,59.3293235,18.0685808,ChIJywtkGTF2X0YRZnedZ9MnDag,80.83333333333333,0.05
160,Geneva Airport,Switzerland,LSGG,Geneva,GVA,46.23756,6.10921,CHE,2660646.0,46.20222,6.14569,46.2043907,6.1431577,ChIJ6-LQkwZljEcRObwLezWVtqA,25.216666666666665,3.933333333333333
161,Zurich Airport,Switzerland,LSZH,Zurich,ZRH,47.45264,8.5605,CHE,2657896.0,47.36667,8.55,47.3768866,8.541694,ChIJGaK-SZcLkEcRA9wf5_GNbuY,15.6,5.816666666666666
163,Ankara Esenboga Airport,Turkey,LTAC,Ankara,ESB,40.12808,32.99508,TUR,7500010.0,39.936026,32.843815,39.9333635,32.8597419,ChIJsS1zINVH0xQRjSuEwLBX3As,31.3,3.966666666666667
164,Istanbul Airport,Turkey,LTFM,Istanbul,IST,41.2629,28.74242,TUR,7501624.0,40.991,29.037657,41.0082376,28.9783589,ChIJawhoAASnyhQR0LABvJj-zOE,46.73333333333333,27.216666666666665
165,Izmir Adnan Menderes Airport,Turkey,LTBJ,Izmir,ADB,38.29239,27.15695,TUR,7500031.0,38.422413,27.143702,38.423734,27.142826,ChIJzcpip2LYuxQR_uicpaG7jGI,32.733333333333334,5.883333333333334
166,Kharkiv Airport,Ukraine,UKHH,Kharkiv,HRK,49.92479,36.28999,UKR,2200044.0,49.989391,36.203974,50.0020127,36.3073994,ChIJiw-rY5-gJ0ERCr6kGmgYTC0,20.9,18.35
167,Kiev Boryspil Airport,Ukraine,UKBB,Kiev,KBP,50.345,30.89472,UKR,2200005.0,50.440326,30.48919,50.4503596,30.5245025,ChIJBUVa4U7P1EAR_kYBF9IxSXY,37.11666666666667,10.666666666666666
168,Kiev Zhuliany Airport,Ukraine,UKKK,Kiev,IEV,50.40169,30.4497,UKR,2200005.0,50.440326,30.48919,50.4503596,30.5245025,ChIJBUVa4U7P1EAR_kYBF9IxSXY,30.166666666666668,10.666666666666666
169,Lviv Airport,Ukraine,UKLL,Lviv,LWO,49.8125,23.95611,UKR,2200025.0,49.839846,23.994196,49.839683,24.029717,ChIJV5oQCXzdOkcR4ngjARfFI0I,20.766666666666666,12.5
170,Odessa Airport,Ukraine,UKOO,Odessa,ODS,46.42677,30.67646,UKR,2200063.0,46.467579,30.740816,46.4702111,30.7306393,ChIJQ0yGC4oxxkARbBfyjOKPnxI,16.733333333333334,4.066666666666666
171,Aberdeen Airport,United Kingdom,EGPD,Aberdeen,ABZ,57.20194,-2.19778,GBR,2657832.0,57.14369,-2.09814,57.1498891,-2.0937528,ChIJSXXXH0wFhEgRcsT0XNoFu-g,18.633333333333333,6.7
172,Belfast City Airport,United Kingdom,EGAC,Belfast,BHD,54.61806,-5.8725,GBR,2655984.0,54.59682,-5.92541,54.597285,-5.93012,ChIJO4rQ1_3_YEgRMcXH7ywWVy4,12.516666666666667,1.8333333333333333
173,Belfast International Airport,United Kingdom,EGAA,Belfast,BFS,54.6575,-6.21583,GBR,2655984.0,54.59682,-5.92541,54.597285,-5.93012,ChIJO4rQ1_3_YEgRMcXH7ywWVy4,29.45,1.8333333333333333
174,Birmingham Airport,United Kingdom,EGBB,Birmingham,BHX,52.45386,-1.74803,GBR,2655603.0,52.48142,-1.89983,52.486243,-1.890401,ChIJc3FBGy2UcEgRmHnurvD-gco,25.383333333333333,5.733333333333333
175,Bristol Airport,United Kingdom,EGGD,Bristol,BRS,51.38267,-2.71909,GBR,2654675.0,51.45523,-2.59665,51.454513,-2.58791,ChIJYdizgWaDcUgRH9eaSy6y5I4,26.65,13.066666666666666
176,Cardiff Airport,United Kingdom,EGFF,Cardiff,CWL,51.39667,-3.34333,GBR,2653822.0,51.48,-3.18,51.483707,-3.1680962,ChIJ9VPsNNQCbkgRDmeGZdsGNBQ,31.08333333333333,7.483333333333333
177,Edinburgh Airport,United Kingdom,EGPH,Edinburgh,EDI,55.95,-3.3725,GBR,2650225.0,55.95206,-3.19648,55.953252,-3.188267,ChIJIyaYpQC4h0gRJxfnfHsU8mQ,30.166666666666668,7.7
178,Glasgow Airport,United Kingdom,EGPF,Glasgow,GLA,55.87194,-4.43306,GBR,2648579.0,55.86515,-4.25763,55.8616704,-4.2583345,ChIJ685WIFYViEgRHlHvBbiD5nE,16.116666666666667,1.9666666666666663
179,Glasgow Prestwick Airport,United Kingdom,EGPK,Glasgow,PIK,55.50944,-4.58667,GBR,2648579.0,55.86515,-4.25763,55.8616704,-4.2583345,ChIJ685WIFYViEgRHlHvBbiD5nE,38.13333333333333,1.9666666666666663
180,Leeds Bradford Airport,United Kingdom,EGNM,Leeds,LBA,53.8659,-1.66057,GBR,2644688.0,53.79648,-1.54785,53.8007554,-1.5490774,ChIJmb1k2ko-eUgRqdwTAv26rVE,27.9,5.883333333333334
181,Liverpool Airport,United Kingdom,EGGP,Liverpool,LPL,53.33333,-2.85,GBR,2644210.0,53.41058,-2.97794,53.4083714,-2.9915726,ChIJt2BwZIrfekgRAW4XP28E3EI,34.95,7.366666666666666
182,London City Airport,United Kingdom,EGLC,London,LCY,51.50528,0.05528,GBR,2643743.0,51.50853,-0.12574,51.5072178,-0.1275862,ChIJdd4hrwug2EcRmSrV3Vo6llI,35.1,5.85
183,London Gatwick Airport,United Kingdom,EGKK,London,LGW,51.15609,-0.17818,GBR,2643743.0,51.50853,-0.12574,51.5072178,-0.1275862,ChIJdd4hrwug2EcRmSrV3Vo6llI,84.18333333333334,5.85
184,London Heathrow Airport,United Kingdom,EGLL,London,LHR,51.47115,-0.45649,GBR,2643743.0,51.50853,-0.12574,51.5072178,-0.1275862,ChIJdd4hrwug2EcRmSrV3Vo6llI,42.38333333333333,5.85
185,London Luton Airport,United Kingdom,EGGW,London,LTN,51.87472,-0.36833,GBR,2643743.0,51.50853,-0.12574,51.5072178,-0.1275862,ChIJdd4hrwug2EcRmSrV3Vo6llI,66.66666666666667,5.85
186,London Southend Airport,United Kingdom,EGMC,London,SEN,51.57139,0.69556,GBR,2643743.0,51.50853,-0.12574,51.5072178,-0.1275862,ChIJdd4hrwug2EcRmSrV3Vo6llI,73.9,5.85
187,London Stansted Airport,United Kingdom,EGSS,London,STN,51.885,0.235,GBR,2643743.0,51.50853,-0.12574,51.5072178,-0.1275862,ChIJdd4hrwug2EcRmSrV3Vo6llI,65.46666666666667,5.85
188,Manchester Airport,United Kingdom,EGCC,Manchester,MAN,53.35374,-2.27495,GBR,2643123.0,53.48095,-2.23743,53.4807593,-2.2426305,ChIJ2_UmUkxNekgRqmv-BDgUvtk,35.46666666666667,5.966666666666667
189,Newcastle Airport,United Kingdom,EGNT,Newcastle,NCL,55.0375,-1.69167,GBR,2641673.0,54.97328,-1.61396,54.978252,-1.61778,ChIJzWRvDH6FfUgRkWGncrBS4gs,15.483333333333333,6.766666666666667
190,Southampton Airport,United Kingdom,EGHI,Southampton,SOU,50.95026,-1.3568,GBR,2637487.0,50.90395,-1.40428,50.9105468,-1.4049018,ChIJCSkVvleJc0gR8HHaTGpajKc,13.1,7.133333333333334
